fips,district,count_property,count_firefactor1,count_firefactor2,count_firefactor3,count_firefactor4,count_firefactor5,count_firefactor6,count_firefactor7,count_firefactor8,count_firefactor9,count_firefactor10
0101,Alabama Congressional District 1,420639,78569,48328,137726,81394,47286,18409,6237,2084,424,182
0102,Alabama Congressional District 2,453085,33277,35241,182071,145340,49919,6773,447,17,0,0
0103,Alabama Congressional District 3,487554,26268,44959,207338,131499,56573,16453,4150,314,0,0
0104,Alabama Congressional District 4,517927,50091,77460,203089,141368,40255,5159,503,2,0,0
0105,Alabama Congressional District 5,354125,71195,103715,146765,26057,5116,1044,233,0,0,0
0106,Alabama Congressional District 6,342018,27447,48300,146246,86992,28690,4067,273,3,0,0
0107,Alabama Congressional District 7,466297,92420,71583,136126,107738,49089,8527,808,6,0,0
0401,Arizona Congressional District 1,334875,74545,8172,19919,17805,30385,46863,59897,54153,20983,2153
0402,Arizona Congressional District 2,528098,40283,81963,75541,76169,70824,60817,58910,33755,14934,14902
0403,Arizona Congressional District 3,217706,141284,5753,12832,6812,5710,5931,9169,19025,5884,5306
0404,Arizona Congressional District 4,244885,178327,7772,8088,3943,5152,7180,12143,13125,6615,2540
0405,Arizona Congressional District 5,321912,109276,13362,41925,33710,48223,46417,27485,1514,0,0
0406,Arizona Congressional District 6,440228,33148,14197,46006,44049,51612,51423,75283,88055,10755,25700
0407,Arizona Congressional District 7,338852,72801,11048,38928,32855,38830,32180,23494,29326,13423,45967
0408,Arizona Congressional District 8,304770,123206,6684,15261,14264,23238,24833,41170,45777,6809,3528
0409,Arizona Congressional District 9,580684,71009,45505,91447,95385,92059,59742,46325,32911,25389,20912
0501,Arkansas Congressional District 1,590068,213312,108568,137838,80552,37538,10535,1611,99,14,1
0502,Arkansas Congressional District 2,426119,72320,76181,136244,83028,42161,13704,2437,42,2,0
0503,Arkansas Congressional District 3,393726,32898,23326,98999,104184,74092,39557,16505,3939,217,9
0504,Arkansas Congressional District 4,599315,61814,58928,185882,157530,83996,29672,13611,7069,752,61
0601,California Congressional District 1,439579,16734,9529,46485,78630,64974,56914,59821,55266,19840,31386
0602,California Congressional District 2,362918,30067,30381,80979,82460,61146,36999,19426,5852,3883,11706
0603,California Congressional District 3,426573,40466,7734,32247,63284,83058,63817,57433,33455,12315,32764
0604,California Congressional District 4,296834,30670,7738,35119,45205,50178,51177,26529,18569,10500,21149
0605,California Congressional District 5,355627,61431,4410,21002,60568,29999,26053,35065,59464,27488,30147
0606,California Congressional District 6,212308,106171,8116,64063,27490,6375,44,39,10,0,0
0607,California Congressional District 7,229513,87587,30651,81616,23459,4161,1224,751,64,0,0
0608,California Congressional District 8,226040,45494,5087,20654,23159,20364,19947,23369,24944,9233,3770
0609,California Congressional District 9,229509,104665,24098,43374,21362,24531,7331,1217,1529,1036,366
0610,California Congressional District 10,251951,33556,5593,18462,12840,11598,14531,20085,22962,16886,67396
0611,California Congressional District 11,128101,116583,980,8500,2023,15,0,0,0,0,0
0612,California Congressional District 12,171306,99572,15920,20971,30387,4450,6,0,0,0,0
0613,California Congressional District 13,240583,48383,10207,41463,37926,36310,37299,14615,11151,789,2440
0614,California Congressional District 14,191817,66204,10314,25637,21842,16012,7186,14606,14117,5580,10319
0615,California Congressional District 15,194633,112342,11024,23433,33551,13236,1028,18,1,0,0
0616,California Congressional District 16,214156,138138,10052,19511,23231,21027,1954,195,46,2,0
0617,California Congressional District 17,177538,112321,5781,20612,3799,23676,5184,6141,24,0,0
0618,California Congressional District 18,175352,57744,7512,26131,10298,12425,9052,12671,21818,13150,4551
0619,California Congressional District 19,271793,27139,4209,32638,50459,58383,45431,16051,15997,9132,12354
0620,California Congressional District 20,339224,64677,13205,56842,55514,53118,28670,13526,13747,10492,29433
0621,California Congressional District 21,203290,86686,5538,17304,47790,38027,7926,10,4,3,2
0622,California Congressional District 22,230459,51655,13753,36637,61718,54998,9191,1944,151,155,257
0623,California Congressional District 23,534277,83187,68801,71479,39076,38493,36522,45560,66507,26623,58029
0624,California Congressional District 24,255617,5478,5069,32923,52685,65801,58349,19254,13472,1302,1284
0625,California Congressional District 25,333025,81634,15870,41874,25614,12546,15007,21284,51047,20936,47213
0626,California Congressional District 26,230734,27668,7965,23922,9257,21518,24086,69288,42713,2545,1772
0627,California Congressional District 27,250434,21313,6219,18072,12549,7590,6906,14798,30286,19914,112766
0628,California Congressional District 28,196927,46,10901,60190,46162,8312,770,18929,36814,9839,4964
0629,California Congressional District 29,115336,26418,14335,41792,12552,1536,53,2004,5601,4128,6917
0630,California Congressional District 30,147702,12495,3116,11318,26765,17160,3710,18575,35717,4083,14763
0631,California Congressional District 31,165969,12531,20743,63745,15962,4279,737,1121,17080,19359,10412
0632,California Congressional District 32,186849,26978,10450,39771,35435,31649,13963,25261,2898,444,0
0633,California Congressional District 33,192450,31876,8117,36182,39903,4782,2128,8828,20902,23887,15845
0634,California Congressional District 34,97975,33,3292,47124,28309,11377,78,4407,3355,0,0
0635,California Congressional District 35,183895,11121,18187,78895,19086,2355,3128,9125,17962,15402,8634
0636,California Congressional District 36,162645,125117,11808,14023,4329,6362,1006,0,0,0,0
0637,California Congressional District 37,122714,84848,15805,22006,52,3,0,0,0,0,0
0638,California Congressional District 38,180852,80562,12361,23652,9786,7745,10319,16565,16513,3349,0
0639,California Congressional District 39,192814,10450,6354,24866,8465,5715,5679,5178,14744,37667,73696
0640,California Congressional District 40,193710,42863,11584,38260,20349,13758,21581,11149,20089,10442,3635
0641,California Congressional District 41,345645,28868,4039,13838,10738,11379,27072,49722,95676,47243,57070
0642,California Congressional District 42,132135,113058,17895,1136,46,0,0,0,0,0,0
0643,California Congressional District 43,133129,132865,191,61,11,1,0,0,0,0,0
0644,California Congressional District 44,143377,142237,487,340,197,116,0,0,0,0,0
0645,California Congressional District 45,172170,143929,8719,13332,677,50,789,4455,219,0,0
0646,California Congressional District 46,108296,107733,476,87,0,0,0,0,0,0,0
0647,California Congressional District 47,170743,108292,3464,16908,23814,15971,2288,6,0,0,0
0648,California Congressional District 48,249181,5289,2932,19049,13413,9890,23029,45573,56201,36730,37075
0649,California Congressional District 49,197457,44597,15948,49814,57047,22072,6211,1640,127,1,0
0650,California Congressional District 50,160070,67534,2627,17271,15179,20265,29425,6765,987,14,3
0651,California Congressional District 51,161229,30170,3180,47935,14800,18842,19517,11298,9129,3574,2784
0652,California Congressional District 52,136285,60036,13013,16433,9647,1308,6962,12329,12332,3074,1151
0801,Colorado Congressional District 1,191637,155168,5058,3712,2652,4057,5354,13284,2352,0,0
0802,Colorado Congressional District 2,338547,26877,13081,57202,51694,50933,48587,38357,30225,17225,4366
0803,Colorado Congressional District 3,526521,59193,74768,94950,70394,63180,46765,43483,30182,12740,30866
0804,Colorado Congressional District 4,352734,28775,7697,28006,28642,34518,42239,58665,77425,30919,15848
0805,Colorado Congressional District 5,260359,3603,5050,22474,11122,10977,10982,13993,63022,66039,53097
0806,Colorado Congressional District 6,242264,101142,11748,16926,9457,12336,25271,37639,25429,2287,29
0807,Colorado Congressional District 7,346567,64680,16001,46820,34795,47255,62860,45939,14043,7423,6751
0808,Colorado Congressional District 8,258663,68344,7255,23373,16618,14337,31592,59070,28103,7700,2271
0901,Connecticut Congressional District 1,214920,143376,61885,9418,233,8,0,0,0,0,0
0902,Connecticut Congressional District 2,291603,101330,103610,81156,5403,104,0,0,0,0,0
0903,Connecticut Congressional District 3,218179,132575,59670,25717,217,0,0,0,0,0,0
0904,Connecticut Congressional District 4,198646,134666,55066,8854,59,1,0,0,0,0,0
0905,Connecticut Congressional District 5,239308,109898,99789,29142,460,19,0,0,0,0,0
1000,Delaware Congressional District (at Large),428859,352990,61763,13429,613,64,0,0,0,0,0
1198,District of Columbia Delegate District (at Large),136963,118343,8982,9168,462,8,0,0,0,0,0
1201,Florida Congressional District 1,398410,127172,36141,104907,69552,39967,13916,4856,1828,70,1
1202,Florida Congressional District 2,513067,81605,42951,126437,123280,73188,31378,22596,9123,2183,326
1203,Florida Congressional District 3,454912,24066,13850,95638,100733,74615,51233,46474,31780,9773,6750
1204,Florida Congressional District 4,340178,78265,10250,70888,70282,54211,31383,15613,6906,1763,617
1205,Florida Congressional District 5,305773,54170,14451,67156,60962,46991,34157,21157,5824,888,17
1206,Florida Congressional District 6,508406,79679,30980,151654,118746,69214,31672,15661,7521,2435,844
1207,Florida Congressional District 7,330656,108009,37429,97764,50971,21336,5988,4123,3680,1142,214
1208,Florida Congressional District 8,385820,157748,40439,92569,44239,19095,9497,7303,6606,4460,3864
1209,Florida Congressional District 9,300519,59123,25916,94962,77122,22112,8190,4138,2101,1622,5233
1210,Florida Congressional District 10,203017,128557,13960,24710,21123,11164,1917,863,611,112,0
1211,Florida Congressional District 11,385596,74238,35363,117512,86780,41399,14149,10433,5397,325,0
1212,Florida Congressional District 12,478747,63237,37632,153820,112186,59581,25520,12711,13041,656,363
1213,Florida Congressional District 13,254402,222607,13433,9955,6959,1422,21,5,0,0,0
1214,Florida Congressional District 14,255298,188338,24922,29315,11257,1420,39,7,0,0,0
1215,Florida Congressional District 15,274407,96337,47435,91528,30262,7212,1544,89,0,0,0
1216,Florida Congressional District 16,313933,129515,43756,78252,37030,15389,7300,2204,429,50,8
1217,Florida Congressional District 17,581913,268295,52229,132384,63003,32648,12228,7946,5789,2166,5225
1218,Florida Congressional District 18,508969,71278,33233,123306,113656,59896,25696,17998,15119,8515,40272
1219,Florida Congressional District 19,394980,204567,40913,78857,37969,15836,6902,4135,3014,1226,1561
1220,Florida Congressional District 20,198892,173717,4775,10379,6388,1522,656,509,435,131,380
1221,Florida Congressional District 21,348204,192277,33935,59714,19974,9580,9700,5444,4474,3252,9854
1222,Florida Congressional District 22,227124,210719,7959,7971,438,31,3,1,2,0,0
1223,Florida Congressional District 23,212285,201137,4471,5290,1040,306,36,1,1,2,1
1225,Florida Congressional District 25,216600,187218,8172,12192,5147,1912,697,523,506,111,122
1301,Georgia Congressional District 1,367249,37295,22534,115523,81322,46816,31564,20242,9208,1842,903
1302,Georgia Congressional District 2,376086,53160,42729,121614,94306,42218,15910,4916,1125,98,10
1303,Georgia Congressional District 3,352739,24918,81761,206973,35208,2811,838,223,7,0,0
1304,Georgia Congressional District 4,238079,88903,95105,52720,1351,0,0,0,0,0,0
1305,Georgia Congressional District 5,220593,131935,79380,9249,29,0,0,0,0,0,0
1306,Georgia Congressional District 6,274078,56754,134767,73308,3773,2413,1834,1061,168,0,0
1307,Georgia Congressional District 7,223234,86462,103810,32523,439,0,0,0,0,0,0
1308,Georgia Congressional District 8,383090,8533,19428,104097,105475,62260,40055,26974,12744,2516,1008
1309,Georgia Congressional District 9,399617,41180,98878,138308,40739,27468,23000,20018,8829,1143,54
1310,Georgia Congressional District 10,358716,23413,86292,218457,29945,609,0,0,0,0,0
1311,Georgia Congressional District 11,269503,54644,92054,64007,20105,15458,10465,8536,3667,483,84
1312,Georgia Congressional District 12,386205,35262,24966,124603,122993,47245,19377,9295,2316,128,20
1313,Georgia Congressional District 13,264041,47766,112618,101152,2505,0,0,0,0,0,0
1314,Georgia Congressional District 14,342651,17058,48102,139733,73458,41651,15062,5413,1876,196,102
1601,Idaho Congressional District 1,529706,189036,72284,99536,62280,35235,19935,14796,13855,6444,15939
1602,Idaho Congressional District 2,518063,245464,34695,63155,38005,31312,26407,34446,21512,12174,10795
1701,Illinois Congressional District 1,271997,252719,10497,6433,1560,672,86,25,5,0,0
1702,Illinois Congressional District 2,364458,308101,33521,18513,3650,618,51,4,0,0,0
1703,Illinois Congressional District 3,181037,176411,3369,1257,0,0,0,0,0,0,0
1704,Illinois Congressional District 4,193663,193426,233,4,0,0,0,0,0,0,0
1705,Illinois Congressional District 5,180106,174284,4402,1380,40,0,0,0,0,0,0
1706,Illinois Congressional District 6,242069,226608,11082,4379,0,0,0,0,0,0,0
1707,Illinois Congressional District 7,181180,180390,790,0,0,0,0,0,0,0,0
1708,Illinois Congressional District 8,214005,196707,11376,5416,475,31,0,0,0,0,0
1709,Illinois Congressional District 9,182837,177818,3543,1469,7,0,0,0,0,0,0
1710,Illinois Congressional District 10,268118,191240,39391,33937,3257,258,33,2,0,0,0
1711,Illinois Congressional District 11,270415,240438,20019,9400,515,43,0,0,0,0,0
1712,Illinois Congressional District 12,622919,445919,103592,56143,14000,2835,298,123,9,0,0
1713,Illinois Congressional District 13,384567,343617,27342,11695,1600,272,28,4,9,0,0
1714,Illinois Congressional District 14,302892,257226,18068,20819,5603,1000,138,31,7,0,0
1715,Illinois Congressional District 15,568612,468425,54706,38124,5758,1392,194,11,2,0,0
1716,Illinois Congressional District 16,444108,365804,41309,32015,4128,741,108,3,0,0,0
1717,Illinois Congressional District 17,371294,317528,17158,29360,4986,1620,529,106,7,0,0
1801,Indiana Congressional District 1,357457,242051,26872,53931,18678,8066,3719,3141,846,110,43
1802,Indiana Congressional District 2,399925,365783,24658,9428,56,0,0,0,0,0,0
1803,Indiana Congressional District 3,418460,384057,31085,3270,48,0,0,0,0,0,0
1804,Indiana Congressional District 4,414347,347905,40872,20686,4648,236,0,0,0,0,0
1805,Indiana Congressional District 5,376752,362348,11043,3270,91,0,0,0,0,0,0
1806,Indiana Congressional District 6,344273,328148,15065,1054,6,0,0,0,0,0,0
1807,Indiana Congressional District 7,270706,267506,2907,293,0,0,0,0,0,0,0
1808,Indiana Congressional District 8,532180,345335,99582,76632,9757,782,82,10,0,0,0
1809,Indiana Congressional District 9,436396,280296,97789,49309,8229,717,47,9,0,0,0
1901,Iowa Congressional District 1,541938,352119,25436,132746,23309,6561,1172,324,211,28,32
1902,Iowa Congressional District 2,545066,369431,72721,87009,9992,3238,2429,157,60,23,6
1903,Iowa Congressional District 3,551330,347831,28308,144107,25766,4591,646,79,2,0,0
1904,Iowa Congressional District 4,801730,605432,39179,110593,34755,7912,3040,501,224,94,0
2001,Kansas Congressional District 1,521044,151315,32432,105053,80145,57866,37264,23382,12204,4500,7315
2002,Kansas Congressional District 2,430596,106429,35392,105757,66234,46017,29729,23853,13487,2588,1110
2003,Kansas Congressional District 3,284260,155531,34136,52487,21750,12060,5617,2026,618,35,0
2004,Kansas Congressional District 4,386956,123205,16239,53132,41421,35158,29404,32241,40238,9679,6239
2101,Kentucky Congressional District 1,481434,174672,113618,155183,35882,2012,63,4,0,0,0
2102,Kentucky Congressional District 2,388161,164572,79963,115598,26157,1762,109,0,0,0,0
2103,Kentucky Congressional District 3,273357,248571,23448,1301,37,0,0,0,0,0,0
2104,Kentucky Congressional District 4,323309,189465,89251,32849,5711,3235,1731,814,236,16,1
2105,Kentucky Congressional District 5,374572,44572,32084,89233,79001,53162,32246,22291,13065,4429,4476
2106,Kentucky Congressional District 6,297924,220048,38062,30329,6718,1985,602,173,7,0,0
2201,Louisiana Congressional District 1,321979,191046,43997,53567,21752,8927,2290,378,20,2,0
2202,Louisiana Congressional District 2,345883,313895,29353,2344,127,163,1,0,0,0,0
2203,Louisiana Congressional District 3,415417,341400,45524,16229,5630,2491,1648,1240,814,238,203
2204,Louisiana Congressional District 4,499438,144044,100488,152337,62934,21184,8746,5266,3142,831,466
2205,Louisiana Congressional District 5,439838,161704,87186,108860,48579,20509,8715,3093,797,228,167
2206,Louisiana Congressional District 6,336621,266731,53393,12485,1334,1503,821,332,22,0,0
2301,Maine Congressional District 1,334360,138521,158478,35858,1499,4,0,0,0,0,0
2302,Maine Congressional District 2,368055,106844,198030,59237,3746,198,0,0,0,0,0
2401,Maryland Congressional District 1,381269,187080,99208,81895,11556,1232,245,47,6,0,0
2402,Maryland Congressional District 2,271034,167079,83745,19744,466,0,0,0,0,0,0
2403,Maryland Congressional District 3,245858,139829,86149,19695,185,0,0,0,0,0,0
2404,Maryland Congressional District 4,185677,123251,51304,10886,236,0,0,0,0,0,0
2405,Maryland Congressional District 5,307046,74477,94034,116742,21100,679,14,0,0,0,0
2406,Maryland Congressional District 6,313387,147750,91382,56469,13751,3214,714,107,0,0,0
2407,Maryland Congressional District 7,288936,257008,31463,456,9,0,0,0,0,0,0
2408,Maryland Congressional District 8,204241,128974,66873,8196,198,0,0,0,0,0,0
2501,Massachusetts Congressional District 1,311884,126689,107680,72164,5243,108,0,0,0,0,0
2502,Massachusetts Congressional District 2,261249,142843,87024,29889,1336,153,4,0,0,0,0
2503,Massachusetts Congressional District 3,218283,118012,58698,39863,1693,17,0,0,0,0,0
2504,Massachusetts Congressional District 4,237432,126471,66880,41149,2757,175,0,0,0,0,0
2505,Massachusetts Congressional District 5,193537,143437,37545,11859,664,32,0,0,0,0,0
2506,Massachusetts Congressional District 6,240585,147038,59843,31710,1924,70,0,0,0,0,0
2507,Massachusetts Congressional District 7,110252,100518,6478,3047,199,10,0,0,0,0,0
2508,Massachusetts Congressional District 8,206893,107020,50129,47309,2333,102,0,0,0,0,0
2509,Massachusetts Congressional District 9,398312,206313,117497,67143,6339,1012,8,0,0,0,0
2601,Michigan Congressional District 1,704825,162016,205539,234854,70758,22055,6548,2306,620,78,51
2602,Michigan Congressional District 2,503774,205728,155978,103549,25820,9545,2791,363,0,0,0
2603,Michigan Congressional District 3,249137,180960,60638,7404,135,0,0,0,0,0,0
2604,Michigan Congressional District 4,334329,221242,101975,11104,8,0,0,0,0,0,0
2605,Michigan Congressional District 5,416067,316396,89059,10606,6,0,0,0,0,0,0
2606,Michigan Congressional District 6,241175,171199,55103,14850,23,0,0,0,0,0,0
2607,Michigan Congressional District 7,315131,215329,90260,9532,10,0,0,0,0,0,0
2608,Michigan Congressional District 8,372380,290448,58132,22716,1083,1,0,0,0,0,0
2609,Michigan Congressional District 9,352034,228136,107886,15960,52,0,0,0,0,0,0
2610,Michigan Congressional District 10,240090,218571,18698,2812,9,0,0,0,0,0,0
2611,Michigan Congressional District 11,273895,248435,24403,1056,1,0,0,0,0,0,0
2612,Michigan Congressional District 12,299143,292215,6060,868,0,0,0,0,0,0,0
2613,Michigan Congressional District 13,402311,392453,6297,3561,0,0,0,0,0,0,0
2701,Minnesota Congressional District 1,408231,291159,83759,31827,1368,101,17,0,0,0,0
2702,Minnesota Congressional District 2,258683,211038,38052,8992,511,59,31,0,0,0,0
2703,Minnesota Congressional District 3,234468,198830,27821,7239,492,79,7,0,0,0,0
2704,Minnesota Congressional District 4,213079,187882,21812,3296,87,2,0,0,0,0,0
2705,Minnesota Congressional District 5,187580,185414,1731,433,1,1,0,0,0,0,0
2706,Minnesota Congressional District 6,302487,150254,65814,58684,20553,5497,1204,299,165,17,0
2707,Minnesota Congressional District 7,600602,341672,78267,96580,43158,22794,10225,4956,1683,528,739
2708,Minnesota Congressional District 8,786897,80584,137614,302502,146526,56810,29774,19601,10493,2281,712
2801,Mississippi Congressional District 1,453504,44679,63436,178092,122283,38536,5537,842,99,0,0
2802,Mississippi Congressional District 2,529868,168274,99579,129969,85052,32917,10358,3084,626,9,0
2803,Mississippi Congressional District 3,490969,40990,64244,150383,137067,66016,22204,8568,1441,48,8
2804,Mississippi Congressional District 4,457099,75635,34888,113932,95331,67963,37572,20457,7948,1638,1735
2901,Missouri Congressional District 1,307236,305344,1891,1,0,0,0,0,0,0,0
2902,Missouri Congressional District 2,323692,186768,63469,57510,11996,3574,365,10,0,0,0
2903,Missouri Congressional District 3,407947,166819,85044,91114,46142,15687,2918,223,0,0,0
2904,Missouri Congressional District 4,489513,150509,84075,124051,76966,38555,12210,2946,195,5,1
2905,Missouri Congressional District 5,305974,234528,51560,19258,628,0,0,0,0,0,0
2906,Missouri Congressional District 6,494091,269830,114565,96165,12677,820,27,7,0,0,0
2907,Missouri Congressional District 7,401649,89071,36999,128472,88772,40108,13043,4383,754,47,0
2908,Missouri Congressional District 8,493798,147646,58337,142299,88390,43418,11347,2308,53,0,0
3001,Montana Congressional District 1,383782,44941,37085,81778,66545,43297,29886,31499,22479,8426,17234
3002,Montana Congressional District 2,515775,68181,42739,114877,87913,61747,44173,36289,31722,16116,12018
3101,Nebraska Congressional District 1,294733,203064,27574,44828,12440,4255,1651,728,154,28,11
3102,Nebraska Congressional District 2,241809,216111,8628,13342,2760,654,248,57,9,0,0
3103,Nebraska Congressional District 3,613557,257445,51541,105045,88543,58065,29998,16601,4161,2052,106
3201,Nevada Congressional District 1,236412,113784,4077,17604,48702,48900,3338,6,1,0,0
3202,Nevada Congressional District 2,377125,34382,17906,44500,47245,42201,39250,50910,41331,22818,35907
3203,Nevada Congressional District 3,280318,127178,5869,22147,28247,26832,25996,23498,20506,45,0
3204,Nevada Congressional District 4,319001,202944,28978,47248,27642,6873,1498,763,1241,693,1121
3301,New Hampshire Congressional District 1,277433,110239,123666,42580,901,47,0,0,0,0,0
3302,New Hampshire Congressional District 2,314541,145115,145004,22998,1383,41,0,0,0,0,0
3401,New Jersey Congressional District 1,294359,199803,35134,42665,13055,2703,782,214,2,1,0
3402,New Jersey Congressional District 2,555864,177272,57888,144711,83337,52409,22896,9699,3937,2471,1244
3403,New Jersey Congressional District 3,333825,181651,54872,51620,11981,5492,9211,12949,4517,196,1336
3404,New Jersey Congressional District 4,424436,126014,44699,114959,65078,29273,12691,7727,5982,5788,12225
3405,New Jersey Congressional District 5,280313,147817,50879,63117,14638,3403,436,23,0,0,0
3406,New Jersey Congressional District 6,244725,190016,22714,27581,3625,749,35,5,0,0,0
3407,New Jersey Congressional District 7,299709,77923,65248,114284,33938,7426,820,68,2,0,0
3408,New Jersey Congressional District 8,134213,133092,777,317,17,6,4,0,0,0,0
3409,New Jersey Congressional District 9,179732,159355,7583,11312,1342,138,2,0,0,0,0
3410,New Jersey Congressional District 10,162253,141067,14231,6938,17,0,0,0,0,0,0
3411,New Jersey Congressional District 11,246297,116707,69869,52541,6536,605,39,0,0,0,0
3412,New Jersey Congressional District 12,281790,122917,64608,72863,17649,3009,728,16,0,0,0
3501,New Mexico Congressional District 1,521941,112083,152943,100526,59400,23768,22750,17778,13999,6732,11962
3502,New Mexico Congressional District 2,532697,68142,96845,148962,106780,37218,19262,24332,13941,7707,9508
3503,New Mexico Congressional District 3,441781,28575,80440,106887,81036,40773,34442,31343,13936,5216,19133
3601,New York Congressional District 1,334765,165178,65697,71699,16522,6504,4117,3893,885,248,22
3602,New York Congressional District 2,255506,156472,29598,46291,13602,5190,2103,1519,652,75,4
3603,New York Congressional District 3,220361,165591,14068,27814,10831,1808,243,6,0,0,0
3604,New York Congressional District 4,215921,190218,8823,8193,5118,3562,7,0,0,0,0
3605,New York Congressional District 5,127883,118923,1681,4067,1800,282,98,245,787,0,0
3606,New York Congressional District 6,85444,79916,1717,3476,281,47,5,1,1,0,0
3607,New York Congressional District 7,73840,72895,469,462,12,1,1,0,0,0,0
3608,New York Congressional District 8,87956,76942,1608,3345,691,820,3810,740,0,0,0
3609,New York Congressional District 9,75065,74643,236,183,2,0,1,0,0,0,0
3610,New York Congressional District 10,52213,50425,945,838,4,1,0,0,0,0,0
3611,New York Congressional District 11,158212,62125,5051,28140,12598,12944,13344,18363,5260,223,164
3612,New York Congressional District 12,18500,16359,790,1347,2,2,0,0,0,0,0
3613,New York Congressional District 13,18935,17273,752,885,23,1,1,0,0,0,0
3614,New York Congressional District 14,72206,70676,807,700,20,3,0,0,0,0,0
3615,New York Congressional District 15,39558,36345,1210,1874,114,15,0,0,0,0,0
3616,New York Congressional District 16,146931,94764,18488,28472,4507,699,0,1,0,0,0
3617,New York Congressional District 17,241307,46375,58030,105444,23123,6891,1227,201,16,0,0
3618,New York Congressional District 18,274499,47824,54049,114264,40642,14157,3064,461,38,0,0
3619,New York Congressional District 19,439498,83429,151234,156785,37398,8731,1615,288,18,0,0
3620,New York Congressional District 20,288380,67567,66528,136051,17031,1126,77,0,0,0,0
3621,New York Congressional District 21,487815,82786,226241,168108,9761,877,42,0,0,0,0
3622,New York Congressional District 22,320812,109470,104569,102425,4097,251,0,0,0,0,0
3623,New York Congressional District 23,419837,94376,152000,148434,21656,3236,135,0,0,0,0
3624,New York Congressional District 24,381572,103758,152111,117839,7280,570,14,0,0,0,0
3625,New York Congressional District 25,273113,104159,73773,81373,12299,1397,112,0,0,0,0
3626,New York Congressional District 26,282584,202178,29447,39655,8519,2491,294,0,0,0,0
3701,North Carolina Congressional District 1,478414,92288,75596,200462,83785,22476,3548,249,7,1,2
3702,North Carolina Congressional District 2,246551,73178,90315,71349,11325,384,0,0,0,0,0
3703,North Carolina Congressional District 3,520775,108681,59711,213477,93715,30217,10199,4253,428,58,35
3704,North Carolina Congressional District 4,307605,61667,74338,120830,45002,5644,121,3,0,0,0
3705,North Carolina Congressional District 5,479877,50850,55839,152877,113763,60531,29703,13355,2704,252,3
3706,North Carolina Congressional District 6,325114,115024,85981,99639,22937,1528,5,0,0,0,0
3707,North Carolina Congressional District 7,520270,58643,47324,194674,125442,58395,25230,9114,1375,61,12
3708,North Carolina Congressional District 8,413502,36779,71387,192266,82893,22748,5580,1592,257,0,0
3709,North Carolina Congressional District 9,380127,15124,29624,116980,114339,65606,27019,10028,1345,52,10
3710,North Carolina Congressional District 10,435844,37067,52849,180705,114313,37980,10563,2105,259,3,0
3711,North Carolina Congressional District 11,535380,16995,24792,124417,121221,99682,70477,52285,21338,2624,1549
3712,North Carolina Congressional District 12,270945,63979,94957,101000,10829,180,0,0,0,0,0
3713,North Carolina Congressional District 13,347146,49611,74597,159832,51477,9285,1800,416,111,17,0
3714,North Carolina Congressional District 14,259922,87277,73756,81889,16062,913,25,0,0,0,0
3800,North Dakota Congressional District (at Large),688263,352001,59026,145943,67891,32829,12207,8123,6640,1491,2109
3901,Ohio Congressional District 1,372147,306583,65477,87,0,0,0,0,0,0,0
3902,Ohio Congressional District 2,534751,220589,140292,107443,39517,16580,6182,2955,1078,114,1
3903,Ohio Congressional District 3,246558,235929,10619,10,0,0,0,0,0,0,0
3904,Ohio Congressional District 4,439654,376033,60935,2672,14,0,0,0,0,0,0
3905,Ohio Congressional District 5,484007,421190,60281,2536,0,0,0,0,0,0,0
3906,Ohio Congressional District 6,607693,359392,191816,52411,3936,138,0,0,0,0,0
3907,Ohio Congressional District 7,326707,254851,69089,2766,1,0,0,0,0,0,0
3908,Ohio Congressional District 8,357770,319473,38179,118,0,0,0,0,0,0,0
3909,Ohio Congressional District 9,414857,391460,20789,2605,3,0,0,0,0,0,0
3910,Ohio Congressional District 10,387952,352093,34894,957,8,0,0,0,0,0,0
3911,Ohio Congressional District 11,321475,313426,8039,10,0,0,0,0,0,0,0
3912,Ohio Congressional District 12,470666,244674,140893,74367,9498,1171,61,2,0,0,0
3913,Ohio Congressional District 13,376012,322852,49721,3301,138,0,0,0,0,0,0
3914,Ohio Congressional District 14,443514,332524,110160,830,0,0,0,0,0,0,0
3915,Ohio Congressional District 15,307126,284315,22511,300,0,0,0,0,0,0,0
4001,Oklahoma Congressional District 1,334028,111004,8241,62709,77918,47654,17602,6520,2236,144,0
4002,Oklahoma Congressional District 2,608334,11984,11287,71397,116257,124185,85103,80952,60375,23406,23388
4003,Oklahoma Congressional District 3,546293,146378,23419,92482,83293,80103,42601,33272,23464,9374,11907
4004,Oklahoma Congressional District 4,411872,62468,9756,55376,79557,78063,54372,37861,25852,5997,2570
4005,Oklahoma Congressional District 5,358948,95193,7612,65415,85277,65166,20406,10144,7224,1706,805
4101,Oregon Congressional District 1,282697,149722,89561,36684,6383,324,23,0,0,0,0
4102,Oregon Congressional District 2,419766,36912,14949,67724,76946,56142,41307,41520,45757,19635,18874
4103,Oregon Congressional District 3,239836,155300,42296,16145,13787,6969,2823,901,868,293,454
4104,Oregon Congressional District 4,341168,67781,86070,93884,51036,28421,11060,2416,371,104,25
4105,Oregon Congressional District 5,292539,94976,61728,49998,46150,31764,6426,1006,411,45,35
4106,Oregon Congressional District 6,234002,98447,88343,38898,6512,1511,288,3,0,0,0
4201,Pennsylvania Congressional District 1,280142,205412,50744,20664,3145,177,0,0,0,0,0
4202,Pennsylvania Congressional District 2,249279,244295,4981,3,0,0,0,0,0,0,0
4203,Pennsylvania Congressional District 3,269687,256499,13050,138,0,0,0,0,0,0,0
4204,Pennsylvania Congressional District 4,278678,200441,56925,19475,1814,23,0,0,0,0,0
4205,Pennsylvania Congressional District 5,257329,227109,25004,5212,4,0,0,0,0,0,0
4206,Pennsylvania Congressional District 6,261691,121358,79247,56584,4303,167,27,5,0,0,0
4207,Pennsylvania Congressional District 7,300948,172701,63621,49627,12041,2483,397,66,12,0,0
4208,Pennsylvania Congressional District 8,446997,143339,159057,104853,29593,8076,1777,290,11,1,0
4209,Pennsylvania Congressional District 9,401652,166850,117868,92494,21102,2768,504,63,3,0,0
4210,Pennsylvania Congressional District 10,286041,209090,60512,12928,2501,953,56,1,0,0,0
4211,Pennsylvania Congressional District 11,267871,194564,56871,15532,883,21,0,0,0,0,0
4212,Pennsylvania Congressional District 12,366224,276003,89141,1073,7,0,0,0,0,0,0
4213,Pennsylvania Congressional District 13,403503,187785,126272,73757,13333,2099,254,3,0,0,0
4214,Pennsylvania Congressional District 14,440112,247150,152220,36010,4410,307,15,0,0,0,0
4215,Pennsylvania Congressional District 15,475174,190275,192549,75241,15340,1673,95,1,0,0,0
4216,Pennsylvania Congressional District 16,391393,266801,115666,8869,57,0,0,0,0,0,0
4217,Pennsylvania Congressional District 17,356513,241727,113476,1304,6,0,0,0,0,0,0
4401,Rhode Island Congressional District 1,170203,133322,29207,7333,341,0,0,0,0,0,0
4402,Rhode Island Congressional District 2,213608,142954,39786,26720,3925,223,0,0,0,0,0
4501,South Carolina Congressional District 1,338201,79236,71356,142499,38085,6654,300,64,7,0,0
4502,South Carolina Congressional District 2,352121,21905,27060,133196,102737,48794,14842,3442,145,0,0
4503,South Carolina Congressional District 3,430002,33793,73350,245287,70718,3668,1528,1516,142,0,0
4504,South Carolina Congressional District 4,316162,96590,67246,128541,19081,2078,1320,1020,285,1,0
4505,South Carolina Congressional District 5,377787,21189,59332,174277,88329,27898,5838,872,49,2,1
4506,South Carolina Congressional District 6,397382,68007,42456,161654,88890,27092,6670,1770,820,23,0
4507,South Carolina Congressional District 7,451020,58649,45506,172762,109818,44857,14087,4510,818,13,0
4600,South Dakota Congressional District (at Large),689940,233741,57410,126190,94932,59463,45671,45049,20144,2566,4774
4701,Tennessee Congressional District 1,432048,101204,84715,124959,62089,31743,13840,8750,4119,577,52
4702,Tennessee Congressional District 2,368606,133245,88283,88122,34888,14518,5383,2416,1275,301,175
4703,Tennessee Congressional District 3,381204,84820,91664,115307,51055,21307,7421,5209,3198,886,337
4704,Tennessee Congressional District 4,359497,66405,96198,111060,50523,21474,9622,3518,670,20,7
4705,Tennessee Congressional District 5,287150,85753,133360,54771,11639,1570,57,0,0,0,0
4706,Tennessee Congressional District 6,408154,103800,100603,119807,54256,21208,6004,1995,441,34,6
4707,Tennessee Congressional District 7,363030,113779,91052,119999,33465,4408,326,1,0,0,0
4708,Tennessee Congressional District 8,435943,165457,109377,107782,43328,8778,1051,168,2,0,0
4709,Tennessee Congressional District 9,288774,221488,64363,2850,73,0,0,0,0,0,0
4801,Texas Congressional District 1,494286,40841,27959,117224,128043,103867,49658,23468,3070,156,0
4802,Texas Congressional District 2,303592,74429,40893,95235,48817,29507,10710,3342,659,0,0
4803,Texas Congressional District 3,303624,64635,8347,32575,60374,59517,39785,30849,7377,165,0
4804,Texas Congressional District 4,358557,52692,11342,50883,70320,80597,51268,31860,8315,1217,63
4805,Texas Congressional District 5,401546,62391,22449,121195,103309,59473,22636,9390,701,2,0
4806,Texas Congressional District 6,357335,47981,13948,60073,83522,74843,49777,22636,4555,0,0
4807,Texas Congressional District 7,176946,126817,20035,26397,3675,22,0,0,0,0,0
4808,Texas Congressional District 8,391206,67881,42586,111897,81960,49714,25476,10318,1299,75,0
4809,Texas Congressional District 9,221432,154534,23649,29271,11401,2573,4,0,0,0,0
4810,Texas Congressional District 10,389345,38938,50831,116896,99039,53045,19555,7461,2577,764,239
4811,Texas Congressional District 11,414362,27153,9682,37643,43891,77016,71582,49480,47757,26884,23274
4812,Texas Congressional District 12,277517,48239,8974,28221,48554,51293,56461,29735,4934,1045,61
4813,Texas Congressional District 13,457469,37217,11649,45762,41835,40430,42078,52922,62429,45049,77197
4814,Texas Congressional District 14,398333,238116,54764,73992,19672,8885,1158,866,638,117,125
4815,Texas Congressional District 15,315846,64702,10128,35434,39013,46220,40988,29259,24445,14157,11500
4816,Texas Congressional District 16,251055,101175,26565,80266,27028,11069,4952,0,0,0,0
4817,Texas Congressional District 17,421606,35724,31827,90000,108560,95459,43238,13297,3463,38,0
4818,Texas Congressional District 18,239235,192683,17747,21791,5671,1059,54,230,0,0,0
4819,Texas Congressional District 19,449959,161973,19748,46110,32538,30461,29617,38182,37151,14961,39218
4820,Texas Congressional District 20,219318,136622,7676,11898,19907,19912,12059,3112,8132,0,0
4821,Texas Congressional District 21,389663,69311,48561,99312,73640,58703,31323,8712,101,0,0
4822,Texas Congressional District 22,351374,147219,59455,104596,29376,8398,1367,944,16,3,0
4823,Texas Congressional District 23,602588,105145,103121,106567,73561,72712,56480,29586,24969,8255,22192
4824,Texas Congressional District 24,243159,148370,20626,45511,12451,8214,6686,1301,0,0,0
4825,Texas Congressional District 25,383868,55341,12471,49420,69181,47960,47361,46736,36556,10255,8587
4826,Texas Congressional District 26,313387,33558,10644,58443,67906,77030,40681,16670,6999,1241,215
4827,Texas Congressional District 27,416053,140895,26292,74910,64628,47942,32554,21668,6285,847,32
4828,Texas Congressional District 28,326178,61276,9937,43453,51795,59603,34527,20211,14221,10637,20049
4829,Texas Congressional District 29,207284,152469,22223,26020,6117,453,2,0,0,0,0
4830,Texas Congressional District 30,220177,76648,17466,27975,53812,36180,8068,28,0,0,0
4831,Texas Congressional District 31,386628,27039,31378,89521,90587,71047,49845,23006,4113,92,0
4832,Texas Congressional District 32,157655,119236,17151,12042,6597,1935,694,0,0,0,0
4833,Texas Congressional District 33,199534,118143,22025,24133,11200,13808,8315,1910,0,0,0
4834,Texas Congressional District 34,297613,122356,21439,58166,36098,27378,11465,8263,6384,3079,2985
4835,Texas Congressional District 35,230725,73506,7421,23671,49176,39168,22014,10840,4802,127,0
4836,Texas Congressional District 36,404409,142982,50793,84621,46506,32874,22258,17358,5692,1042,283
4837,Texas Congressional District 37,179069,63180,33113,41587,36412,4776,1,0,0,0,0
4838,Texas Congressional District 38,240116,161878,43827,25998,5718,2207,477,11,0,0,0
4901,Utah Congressional District 1,345909,135441,36016,78222,48656,25493,11571,5796,2166,542,1965
4902,Utah Congressional District 2,407117,87279,38781,82887,76108,58186,26812,10075,16814,5262,4892
4903,Utah Congressional District 3,352582,91418,22521,68246,59394,50911,33772,19137,4246,1181,1756
4904,Utah Congressional District 4,290634,149775,18731,51217,34941,15451,8696,5465,2702,2152,1504
5000,Vermont Congressional District (at Large),312513,191227,119646,1638,2,0,0,0,0,0,0
5101,Virginia Congressional District 1,403328,118358,103450,145446,31960,3825,252,37,0,0,0
5102,Virginia Congressional District 2,324945,195362,48053,68929,11289,1223,75,14,0,0,0
5103,Virginia Congressional District 3,249978,219006,16786,12845,1250,90,1,0,0,0,0
5104,Virginia Congressional District 4,325952,135360,82670,79274,23590,4793,265,0,0,0,0
5105,Virginia Congressional District 5,519714,41737,64210,181670,147670,68167,14512,1723,25,0,0
5106,Virginia Congressional District 6,453662,165083,76172,96522,62041,39090,12361,2127,266,0,0
5107,Virginia Congressional District 7,315452,67244,75197,110699,41627,15045,4673,963,4,0,0
5108,Virginia Congressional District 8,162412,119151,37549,5676,36,0,0,0,0,0,0
5109,Virginia Congressional District 9,615016,104049,87717,189544,114352,69755,33918,12473,2798,319,91
5110,Virginia Congressional District 10,264571,114259,89592,44824,12381,2972,511,32,0,0,0
5111,Virginia Congressional District 11,219079,96782,95579,26611,107,0,0,0,0,0,0
5301,Washington Congressional District 1,219856,159829,51463,8564,0,0,0,0,0,0,0
5302,Washington Congressional District 2,339721,178821,87828,59304,9121,2685,1046,751,154,11,0
5303,Washington Congressional District 3,347092,104626,94315,114397,24460,5041,1472,1785,770,199,27
5304,Washington Congressional District 4,368627,90540,32764,87290,46730,24563,21047,17353,18369,8358,21613
5305,Washington Congressional District 5,399763,103224,23155,65123,77862,51641,32656,20790,13139,4958,7215
5306,Washington Congressional District 6,409396,208605,139698,56988,3522,429,128,25,1,0,0
5307,Washington Congressional District 7,203375,193770,9454,135,16,0,0,0,0,0,0
5308,Washington Congressional District 8,344729,115566,105041,44704,12024,7245,5363,5430,13778,9543,26035
5309,Washington Congressional District 9,195493,170245,25241,7,0,0,0,0,0,0,0
5310,Washington Congressional District 10,253657,148922,67079,31618,5395,643,0,0,0,0,0
5401,West Virginia Congressional District 1,724407,63037,72424,230032,163898,101072,52664,27401,10669,1938,1272
5402,West Virginia Congressional District 2,639067,129904,177786,198437,86955,34794,9571,1603,17,0,0
5501,Wisconsin Congressional District 1,288090,191759,45551,47350,3377,53,0,0,0,0,0
5502,Wisconsin Congressional District 2,325281,177482,77733,59410,9894,712,46,4,0,0,0
5503,Wisconsin Congressional District 3,562997,205942,188731,120437,35139,9856,2218,538,136,0,0
5504,Wisconsin Congressional District 4,199803,186492,10906,2404,1,0,0,0,0,0,0
5505,Wisconsin Congressional District 5,289018,174548,75821,37054,1563,26,6,0,0,0,0
5506,Wisconsin Congressional District 6,418660,260585,69626,57343,25677,4967,348,78,19,16,1
5507,Wisconsin Congressional District 7,837526,231126,332987,205169,51613,12092,3047,1215,277,0,0
5508,Wisconsin Congressional District 8,454259,251307,104984,73209,21327,3197,229,6,0,0,0
5600,Wyoming Congressional District (at Large),339264,14137,10421,35335,45312,50349,45902,47773,55425,12849,21761
